T,field,M
1.9065544860193488,0.6604511308773485,0.93634033203125
1.9754351359870304,0.6604511308773485,0.95953369140625
2.044315785954712,0.6604511308773485,-0.9456787109375
2.1131964359223936,0.6604511308773485,0.912384033203125
2.1820770858900755,0.6604511308773485,0.92510986328125
2.2509577358577566,0.6604511308773485,-0.87994384765625
2.319838385825439,0.6604511308773485,0.88287353515625
2.3887190357931205,0.6604511308773485,0.91534423828125
2.4575996857608016,0.6604511308773485,-0.88726806640625
2.526480335728484,0.6604511308773485,-0.562774658203125
2.595360985696165,0.6604511308773485,-0.835357666015625
2.6642416356638474,0.6604511308773485,0.5706787109375
2.733122285631529,0.6604511308773485,-0.570281982421875
2.8020029355992104,0.6604511308773485,0.778076171875
2.8708835855668924,0.6604511308773485,-0.610870361328125
2.939764235534574,0.6604511308773485,-0.70172119140625
1.064205248742382,-0.4277930495652882,0.998382568359375
1.2563905033652834,-0.4277930495652882,-0.996246337890625
1.4485757579881846,-0.4277930495652882,-0.98944091796875
1.640761012611086,-0.4277930495652882,0.968292236328125
1.8329462672339876,-0.4277930495652882,0.978851318359375
2.0251315218568884,-0.4277930495652882,-0.919464111328125
2.21731677647979,-0.4277930495652882,0.94000244140625
2.409502031102692,-0.4277930495652882,0.387847900390625
2.6016872857255926,-0.4277930495652882,0.83978271484375
2.793872540348494,-0.4277930495652882,-0.37261962890625
2.986057794971395,-0.4277930495652882,-0.68682861328125
3.1782430495942964,-0.4277930495652882,0.71240234375
3.3704283042171985,-0.4277930495652882,-0.311920166015625
3.5626135588401,-0.4277930495652882,0.505462646484375
3.7547988134630006,-0.4277930495652882,0.138397216796875
3.946984068085902,-0.4277930495652882,0.233154296875
1.4458542067823847,0.16174226470413222,-0.989654541015625
1.558444849851514,0.16174226470413222,0.990570068359375
1.6710354929206437,0.16174226470413222,0.97821044921875
1.7836261359897727,0.16174226470413222,0.97607421875
1.896216779058902,0.16174226470413222,-0.97393798828125
2.0088074221280308,0.16174226470413222,0.96234130859375
2.1213980651971607,0.16174226470413222,-0.957183837890625
2.23398870826629,0.16174226470413222,-0.944549560546875
2.3465793513354187,0.16174226470413222,0.912750244140625
2.4591699944045486,0.16174226470413222,0.810546875
2.5717606374736777,0.16174226470413222,-0.333892822265625
2.6843512805428067,0.16174226470413222,0.8245849609375
2.7969419236119366,0.16174226470413222,0.78985595703125
2.909532566681066,0.16174226470413222,-0.546844482421875
3.0221232097501947,0.16174226470413222,0.161407470703125
3.134713852819325,0.16174226470413222,-0.207550048828125
1.3199785285631398,-0.9980075004079212,-0.99530029296875
1.4167455149878414,-0.9980075004079212,0.994171142578125
1.5135125014125432,-0.9980075004079212,0.990509033203125
1.6102794878372448,-0.9980075004079212,0.97918701171875
1.7070464742619469,-0.9980075004079212,0.985870361328125
1.8038134606866485,-0.9980075004079212,0.97564697265625
1.9005804471113497,-0.9980075004079212,0.9637451171875
1.9973474335360517,-0.9980075004079212,0.92694091796875
2.094114419960753,-0.9980075004079212,0.938751220703125
2.190881406385455,-0.9980075004079212,-0.91748046875
2.2876483928101567,-0.9980075004079212,0.927764892578125
2.3844153792348584,-0.9980075004079212,0.856231689453125
2.48118236565956,-0.9980075004079212,0.2353515625
2.5779493520842616,-0.9980075004079212,-0.78167724609375
2.674716338508963,-0.9980075004079212,0.46405029296875
2.771483324933665,-0.9980075004079212,0.834197998046875
1.5744952140778588,-0.997195247129239,-0.977935791015625
1.7414587922765867,-0.997195247129239,-0.706024169921875
1.908422370475315,-0.997195247129239,-0.967376708984375
2.075385948674043,-0.997195247129239,0.9549560546875
2.242349526872771,-0.997195247129239,-0.861785888671875
2.409313105071499,-0.997195247129239,-0.833282470703125
2.576276683270227,-0.997195247129239,0.859619140625
2.7432402614689555,-0.997195247129239,0.838134765625
2.910203839667683,-0.997195247129239,-0.61328125
3.077167417866411,-0.997195247129239,-0.47467041015625
3.2441309960651394,-0.997195247129239,0.514312744140625
3.4110945742638674,-0.997195247129239,-0.566375732421875
3.5780581524625954,-0.997195247129239,0.15447998046875
3.7450217306613234,-0.997195247129239,0.270172119140625
3.911985308860052,-0.997195247129239,0.253936767578125
4.07894888705878,-0.997195247129239,0.441741943359375
1.3724854484919922,-0.12252853158476527,0.99114990234375
1.5256140671057352,-0.12252853158476527,-0.991729736328125
1.678742685719478,-0.12252853158476527,0.98065185546875
1.831871304333221,-0.12252853158476527,-0.971435546875
1.9849999229469641,-0.12252853158476527,-0.96600341796875
2.138128541560707,-0.12252853158476527,-0.9310302734375
2.2912571601744505,-0.12252853158476527,0.901641845703125
2.4443857787881926,-0.12252853158476527,-0.60614013671875
2.597514397401936,-0.12252853158476527,-0.8037109375
2.7506430160156787,-0.12252853158476527,0.586517333984375
2.903771634629422,-0.12252853158476527,-0.556121826171875
3.056900253243165,-0.12252853158476527,-0.72576904296875
3.2100288718569083,-0.12252853158476527,-0.05792236328125
3.3631574904706514,-0.12252853158476527,-0.593597412109375
3.516286109084393,-0.12252853158476527,0.23321533203125
3.6694147276981366,-0.12252853158476527,0.10943603515625
1.9043245529928197,0.41500050698962265,-0.960540771484375
2.0585512619102437,0.41500050698962265,0.947601318359375
2.212777970827667,0.41500050698962265,-0.938201904296875
2.3670046797450905,0.41500050698962265,0.896942138671875
2.5212313886625144,0.41500050698962265,-0.849761962890625
2.6754580975799382,0.41500050698962265,0.875213623046875
2.8296848064973616,0.41500050698962265,-0.778533935546875
2.983911515414785,0.41500050698962265,-0.133056640625
3.1381382243322093,0.41500050698962265,-0.731109619140625
3.292364933249633,0.41500050698962265,-0.31640625
3.4465916421670566,0.41500050698962265,0.071075439453125
3.6008183510844805,0.41500050698962265,0.281402587890625
3.755045060001904,0.41500050698962265,0.394134521484375
3.9092717689193277,0.41500050698962265,-0.213653564453125
4.063498477836752,0.41500050698962265,-0.393463134765625
4.2177251867541745,0.41500050698962265,-0.19781494140625
1.6708504138785356,-0.7151261324590041,-0.973602294921875
1.859117081044704,-0.7151261324590041,-0.981414794921875
2.0473837482108728,-0.7151261324590041,-0.89453125
2.235650415377042,-0.7151261324590041,-0.93756103515625
2.4239170825432104,-0.7151261324590041,0.819793701171875
2.612183749709379,-0.7151261324590041,0.51611328125
2.8004504168755475,-0.7151261324590041,0.6160888671875
2.9887170840417165,-0.7151261324590041,0.76715087890625
3.1769837512078847,-0.7151261324590041,-0.625885009765625
3.3652504183740533,-0.7151261324590041,0.041412353515625
3.5535170855402223,-0.7151261324590041,-0.44696044921875
3.7417837527063913,-0.7151261324590041,0.007659912109375
3.93005041987256,-0.7151261324590041,-0.301788330078125
4.118317087038728,-0.7151261324590041,-0.432220458984375
4.3065837542048975,-0.7151261324590041,-0.272918701171875
4.4948504213710665,-0.7151261324590041,0.2708740234375
1.1570626290063166,-0.7588754821241435,0.99853515625
1.2977588669169875,-0.7588754821241435,0.9964599609375
1.4384551048276588,-0.7588754821241435,0.9935302734375
1.5791513427383297,-0.7588754821241435,-0.988922119140625
1.719847580649001,-0.7588754821241435,0.9815673828125
1.860543818559672,-0.7588754821241435,0.979949951171875
2.0012400564703428,-0.7588754821241435,0.923797607421875
2.141936294381014,-0.7588754821241435,0.896484375
2.282632532291685,-0.7588754821241435,0.849395751953125
2.4233287702023563,-0.7588754821241435,0.794677734375
2.564025008113028,-0.7588754821241435,-0.851715087890625
2.7047212460236985,-0.7588754821241435,0.45208740234375
2.8454174839343693,-0.7588754821241435,-0.550262451171875
2.98611372184504,-0.7588754821241435,0.69671630859375
3.1268099597557115,-0.7588754821241435,0.640777587890625
3.2675061976663833,-0.7588754821241435,0.595428466796875
1.7765096760139567,0.5011414279545268,0.98089599609375
1.9458359566923773,0.5011414279545268,0.9378662109375
2.115162237370798,0.5011414279545268,-0.942108154296875
2.2844885180492183,0.5011414279545268,0.89337158203125
2.453814798727638,0.5011414279545268,0.88677978515625
2.623141079406059,0.5011414279545268,-0.764312744140625
2.79246736008448,0.5011414279545268,-0.703582763671875
2.9617936407629,0.5011414279545268,-0.766021728515625
3.1311199214413197,0.5011414279545268,0.66815185546875
3.3004462021197405,0.5011414279545268,-0.15325927734375
3.469772482798161,0.5011414279545268,0.576171875
3.639098763476581,0.5011414279545268,-0.26715087890625
3.808425044155002,0.5011414279545268,-0.46710205078125
3.9777513248334215,0.5011414279545268,-0.4014892578125
4.147077605511843,0.5011414279545268,0.002655029296875
4.316403886190263,0.5011414279545268,-0.213836669921875
1.9387771153523312,-0.9692386122789526,-0.933074951171875
2.0339634980661607,-0.9692386122789526,-0.9560546875
2.12914988077999,-0.9692386122789526,0.938690185546875
2.2243362634938197,-0.9692386122789526,0.810699462890625
2.319522646207649,-0.9692386122789526,0.869720458984375
2.4147090289214783,-0.9692386122789526,-0.8626708984375
2.5098954116353074,-0.9692386122789526,0.845977783203125
2.6050817943491364,-0.9692386122789526,0.7576904296875
2.7002681770629664,-0.9692386122789526,-0.795379638671875
2.795454559776796,-0.9692386122789526,0.42449951171875
2.890640942490625,-0.9692386122789526,0.568023681640625
2.9858273252044545,-0.9692386122789526,0.638275146484375
3.081013707918284,-0.9692386122789526,-0.74334716796875
3.176200090632113,-0.9692386122789526,0.540069580078125
3.2713864733459426,-0.9692386122789526,-0.14520263671875
3.3665728560597716,-0.9692386122789526,0.646209716796875
1.9940272503554484,0.8555266198555433,-0.95806884765625
2.0312024765033234,0.8555266198555433,-0.937286376953125
2.0683777026511967,0.8555266198555433,0.920166015625
2.105552928799072,0.8555266198555433,-0.929901123046875
2.1427281549469464,0.8555266198555433,-0.93133544921875
2.179903381094821,0.8555266198555433,0.919921875
2.2170786072426947,0.8555266198555433,0.9495849609375
2.2542538333905697,0.8555266198555433,0.932342529296875
2.2914290595384443,0.8555266198555433,0.8758544921875
2.328604285686319,0.8555266198555433,0.911651611328125
2.3657795118341935,0.8555266198555433,-0.91448974609375
2.402954737982068,0.8555266198555433,0.77276611328125
2.4401299641299423,0.8555266198555433,0.8802490234375
2.477305190277817,0.8555266198555433,-0.869903564453125
2.514480416425691,0.8555266198555433,-0.8328857421875
2.5516556425735657,0.8555266198555433,-0.876678466796875
1.6223969301115992,-0.7551961146488392,0.967315673828125
1.7107438169747864,-0.7551961146488392,0.97918701171875
1.799090703837974,-0.7551961146488392,0.980072021484375
1.8874375907011611,-0.7551961146488392,-0.946807861328125
1.9757844775643492,-0.7551961146488392,-0.93499755859375
2.0641313644275363,-0.7551961146488392,0.9290771484375
2.152478251290724,-0.7551961146488392,-0.9505615234375
2.240825138153911,-0.7551961146488392,0.930938720703125
2.3291720250170984,-0.7551961146488392,0.85345458984375
2.4175189118802862,-0.7551961146488392,0.924285888671875
2.5058657987434736,-0.7551961146488392,-0.895965576171875
2.594212685606661,-0.7551961146488392,-0.71124267578125
2.6825595724698483,-0.7551961146488392,-0.86126708984375
2.770906459333036,-0.7551961146488392,0.6707763671875
2.8592533461962235,-0.7551961146488392,0.603179931640625
2.947600233059411,-0.7551961146488392,0.712249755859375
1.8494582966827255,-0.4356662842850795,-0.962493896484375
1.926017982945219,-0.4356662842850795,0.965484619140625
2.0025776692077124,-0.4356662842850795,-0.93048095703125
2.079137355470206,-0.4356662842850795,0.9276123046875
2.1556970417326995,-0.4356662842850795,-0.883514404296875
2.2322567279951935,-0.4356662842850795,0.916595458984375
2.308816414257686,-0.4356662842850795,0.915618896484375
2.38537610052018,-0.4356662842850795,-0.425262451171875
2.461935786782673,-0.4356662842850795,-0.8685302734375
2.5384954730451668,-0.4356662842850795,-0.78717041015625
2.6150551593076603,-0.4356662842850795,0.82562255859375
2.6916148455701534,-0.4356662842850795,0.77410888671875
2.7681745318326465,-0.4356662842850795,0.628204345703125
2.84473421809514,-0.4356662842850795,0.169464111328125
2.9212939043576336,-0.4356662842850795,-0.65618896484375
2.9978535906201267,-0.4356662842850795,0.5572509765625
1.6110100933645273,-0.23509684327101946,0.98870849609375
1.7526890935084467,-0.23509684327101946,-0.972015380859375
1.8943680936523664,-0.23509684327101946,0.961944580078125
2.0360470937962862,-0.23509684327101946,-0.945465087890625
2.1777260939402057,-0.23509684327101946,0.928466796875
2.3194050940841247,-0.23509684327101946,-0.8450927734375
2.461084094228045,-0.23509684327101946,-0.392791748046875
2.6027630943719644,-0.23509684327101946,0.80157470703125
2.7444420945158843,-0.23509684327101946,0.792205810546875
2.886121094659804,-0.23509684327101946,-0.09881591796875
3.027800094803723,-0.23509684327101946,0.218597412109375
3.1694790949476426,-0.23509684327101946,-0.564971923828125
3.3111580950915624,-0.23509684327101946,-0.47698974609375
3.4528370952354823,-0.23509684327101946,0.599761962890625
3.5945160953794018,-0.23509684327101946,-0.458648681640625
3.736195095523321,-0.23509684327101946,0.172149658203125
1.0491227647378265,-0.9032778035498712,0.999786376953125
1.2777567160195895,-0.9032778035498712,-0.997833251953125
1.5063906673013523,-0.9032778035498712,-0.99359130859375
1.7350246185831153,-0.9032778035498712,-0.977569580078125
1.9636585698648783,-0.9032778035498712,0.94915771484375
2.192292521146641,-0.9032778035498712,0.928009033203125
2.4209264724284045,-0.9032778035498712,-0.460205078125
2.649560423710167,-0.9032778035498712,0.667755126953125
2.87819437499193,-0.9032778035498712,0.755584716796875
3.1068283262736935,-0.9032778035498712,-0.667388916015625
3.335462277555456,-0.9032778035498712,-0.59002685546875
3.5640962288372187,-0.9032778035498712,0.239593505859375
3.7927301801189817,-0.9032778035498712,0.489654541015625
4.021364131400745,-0.9032778035498712,0.4462890625
4.249998082682509,-0.9032778035498712,-0.290618896484375
4.478632033964272,-0.9032778035498712,0.33465576171875
1.0066078310428963,0.7883477006065313,0.999725341796875
1.165556880511546,0.7883477006065313,0.9986572265625
1.3245059299801958,0.7883477006065313,-0.9942626953125
1.4834549794488454,0.7883477006065313,-0.99261474609375
1.642404028917495,0.7883477006065313,0.98681640625
1.801353078386145,0.7883477006065313,0.969970703125
1.9603021278547943,0.7883477006065313,0.956298828125
2.119251177323444,0.7883477006065313,-0.636627197265625
2.278200226792094,0.7883477006065313,0.907684326171875
2.437149276260744,0.7883477006065313,0.876373291015625
2.5960983257293933,0.7883477006065313,0.3955078125
2.755047375198043,0.7883477006065313,-0.47998046875
2.9139964246666934,0.7883477006065313,0.623077392578125
3.0729454741353424,0.7883477006065313,-0.69866943359375
3.2318945236039927,0.7883477006065313,0.5050048828125
3.390843573072642,0.7883477006065313,-0.550933837890625
1.7377673842606198,0.8198136588663987,-0.974853515625
1.8714460662246504,0.8198136588663987,0.945404052734375
2.0051247481886816,0.8198136588663987,-0.9442138671875
2.1388034301527123,0.8198136588663987,0.944183349609375
2.272482112116743,0.8198136588663987,0.86627197265625
2.406160794080774,0.8198136588663987,0.893524169921875
2.5398394760448046,0.8198136588663987,0.802520751953125
2.673518158008836,0.8198136588663987,0.77703857421875
2.8071968399728666,0.8198136588663987,-0.80828857421875
2.9408755219368974,0.8198136588663987,0.374420166015625
3.0745542039009286,0.8198136588663987,0.05364990234375
3.208232885864959,0.8198136588663987,-0.48297119140625
3.3419115678289897,0.8198136588663987,-0.40673828125
3.4755902497930204,0.8198136588663987,0.534149169921875
3.609268931757051,0.8198136588663987,0.112152099609375
3.7429476137210824,0.8198136588663987,-0.476287841796875
1.611449230893188,-0.40991402752487627,0.990081787109375
1.7479002828526349,-0.40991402752487627,-0.976898193359375
1.8843513348120815,-0.40991402752487627,0.944244384765625
2.0208023867715283,-0.40991402752487627,-0.909027099609375
2.1572534387309754,-0.40991402752487627,-0.913177490234375
2.2937044906904216,-0.40991402752487627,-0.9052734375
2.430155542649869,-0.40991402752487627,0.90020751953125
2.566606594609316,-0.40991402752487627,-0.525054931640625
2.7030576465687624,-0.40991402752487627,0.712982177734375
2.8395086985282094,-0.40991402752487627,0.54522705078125
2.9759597504876565,-0.40991402752487627,0.58856201171875
3.112410802447103,-0.40991402752487627,0.587005615234375
3.2488618544065497,-0.40991402752487627,0.147064208984375
3.3853129063659964,-0.40991402752487627,0.51318359375
3.5217639583254434,-0.40991402752487627,0.23773193359375
3.6582150102848905,-0.40991402752487627,0.288787841796875
1.2348283705928975,-0.8662591674056067,-0.99578857421875
1.3492106765898273,-0.8662591674056067,0.99639892578125
1.4635929825867569,-0.8662591674056067,0.993927001953125
1.5779752885836866,-0.8662591674056067,-0.988067626953125
1.6923575945806162,-0.8662591674056067,-0.98699951171875
1.8067399005775457,-0.8662591674056067,0.976531982421875
1.921122206574476,-0.8662591674056067,-0.969512939453125
2.0355045125714053,-0.8662591674056067,-0.9190673828125
2.149886818568335,-0.8662591674056067,-0.9310302734375
2.2642691245652644,-0.8662591674056067,-0.864105224609375
2.3786514305621944,-0.8662591674056067,-0.923797607421875
2.493033736559124,-0.8662591674056067,0.780731201171875
2.607416042556053,-0.8662591674056067,-0.79547119140625
2.7217983485529835,-0.8662591674056067,0.307830810546875
2.8361806545499126,-0.8662591674056067,0.609375
2.950562960546842,-0.8662591674056067,0.74853515625
1.8726348988035333,-0.9595954437858176,-0.972900390625
1.994851972111377,-0.9595954437858176,0.9522705078125
2.117069045419222,-0.9595954437858176,-0.95013427734375
2.2392861187270663,-0.9595954437858176,0.289642333984375
2.3615031920349114,-0.9595954437858176,-0.805999755859375
2.4837202653427557,-0.9595954437858176,-0.816192626953125
2.6059373386506,-0.9595954437858176,-0.56256103515625
2.728154411958444,-0.9595954437858176,-0.743560791015625
2.8503714852662885,-0.9595954437858176,0.64910888671875
2.9725885585741336,-0.9595954437858176,0.7830810546875
3.094805631881978,-0.9595954437858176,0.1419677734375
3.2170227051898217,-0.9595954437858176,0.398712158203125
3.3392397784976664,-0.9595954437858176,0.610595703125
3.461456851805511,-0.9595954437858176,-0.38092041015625
3.5836739251133567,-0.9595954437858176,-0.2120361328125
3.7058909984212,-0.9595954437858176,0.51788330078125
1.6443262961469864,-0.9835938745299196,0.981719970703125
1.7514975616922803,-0.9835938745299196,-0.969390869140625
1.8586688272375744,-0.9835938745299196,0.964202880859375
1.965840092782868,-0.9835938745299196,-0.021087646484375
2.073011358328162,-0.9835938745299196,0.91754150390625
2.1801826238734563,-0.9835938745299196,0.908233642578125
2.2873538894187497,-0.9835938745299196,-0.8818359375
2.3945251549640427,-0.9835938745299196,0.839508056640625
2.501696420509337,-0.9835938745299196,-0.699462890625
2.608867686054631,-0.9835938745299196,0.8656005859375
2.7160389515999253,-0.9835938745299196,0.51214599609375
2.8232102171452187,-0.9835938745299196,0.152984619140625
2.930381482690513,-0.9835938745299196,0.580963134765625
3.0375527482358065,-0.9835938745299196,-0.694732666015625
3.1447240137811003,-0.9835938745299196,0.657684326171875
3.2518952793263938,-0.9835938745299196,0.676605224609375
1.0983759580799672,-0.15272029721663993,0.998626708984375
1.221582872345884,-0.15272029721663993,0.998291015625
1.344789786611801,-0.15272029721663993,-0.9974365234375
1.467996700877718,-0.15272029721663993,-0.988983154296875
1.5912036151436348,-0.15272029721663993,0.99114990234375
1.7144105294095515,-0.15272029721663993,0.972930908203125
1.8376174436754684,-0.15272029721663993,0.97265625
1.960824357941385,-0.15272029721663993,0.942535400390625
2.0840312722073024,-0.15272029721663993,0.925628662109375
2.20723818647322,-0.15272029721663993,-0.9366455078125
2.330445100739136,-0.15272029721663993,-0.226531982421875
2.453652015005053,-0.15272029721663993,-0.83062744140625
2.5768589292709696,-0.15272029721663993,0.788330078125
2.7000658435368865,-0.15272029721663993,-0.795440673828125
2.8232727578028034,-0.15272029721663993,0.758453369140625
2.9464796720687203,-0.15272029721663993,0.234649658203125
1.8869891379165848,-0.39958210809574796,0.946441650390625
2.0180490079930906,-0.39958210809574796,-0.959320068359375
2.149108878069597,-0.39958210809574796,-0.95391845703125
2.2801687481461044,-0.39958210809574796,-0.802154541015625
2.411228618222611,-0.39958210809574796,-0.834747314453125
2.542288488299117,-0.39958210809574796,0.8603515625
2.673348358375624,-0.39958210809574796,-0.832366943359375
2.8044082284521306,-0.39958210809574796,0.73974609375
2.9354680985286365,-0.39958210809574796,-0.07940673828125
3.0665279686051434,-0.39958210809574796,0.717529296875
3.1975878386816503,-0.39958210809574796,-0.692535400390625
3.3286477087581567,-0.39958210809574796,-0.286529541015625
3.459707578834663,-0.39958210809574796,0.3128662109375
3.5907674489111696,-0.39958210809574796,0.4912109375
3.721827318987677,-0.39958210809574796,-0.275482177734375
3.8528871890641834,-0.39958210809574796,0.26104736328125
1.9801634590513328,-0.24595449190111485,-0.9525146484375
2.1186932785189367,-0.24595449190111485,-0.914703369140625
2.2572230979865417,-0.24595449190111485,0.90924072265625
2.3957529174541463,-0.24595449190111485,-0.061859130859375
2.5342827369217504,-0.24595449190111485,-0.8853759765625
2.672812556389355,-0.24595449190111485,0.731842041015625
2.81134237585696,-0.24595449190111485,-0.186492919921875
2.949872195324564,-0.24595449190111485,-0.121612548828125
3.088402014792168,-0.24595449190111485,0.696380615234375
3.226931834259773,-0.24595449190111485,0.302734375
3.365461653727377,-0.24595449190111485,0.621673583984375
3.503991473194981,-0.24595449190111485,0.53704833984375
3.6425212926625865,-0.24595449190111485,-0.034027099609375
3.78105111213019,-0.24595449190111485,0.087982177734375
3.9195809315977943,-0.24595449190111485,-0.1427001953125
4.058110751065399,-0.24595449190111485,0.129547119140625
1.459053560269897,-0.7819391351290478,0.99273681640625
1.5681006662584451,-0.7819391351290478,0.9874267578125
1.6771477722469927,-0.7819391351290478,-0.98260498046875
1.7861948782355406,-0.7819391351290478,-0.97125244140625
1.8952419842240884,-0.7819391351290478,0.9644775390625
2.0042890902126365,-0.7819391351290478,-0.934967041015625
2.113336196201184,-0.7819391351290478,-0.90728759765625
2.2223833021897317,-0.7819391351290478,0.501678466796875
2.33143040817828,-0.7819391351290478,0.895843505859375
2.4404775141668282,-0.7819391351290478,0.852081298828125
2.549524620155376,-0.7819391351290478,-0.8392333984375
2.6585717261439235,-0.7819391351290478,-0.57421875
2.7676188321324706,-0.7819391351290478,0.64483642578125
2.8766659381210182,-0.7819391351290478,0.58148193359375
2.9857130441095667,-0.7819391351290478,0.475982666015625
3.0947601500981152,-0.7819391351290478,0.654083251953125
1.4161376300903208,0.11419415791975908,0.988433837890625
1.5686765875799866,0.11419415791975908,-0.993377685546875
1.7212155450696525,0.11419415791975908,0.963104248046875
1.8737545025593183,0.11419415791975908,-0.976409912109375
2.026293460048984,0.11419415791975908,0.9595947265625
2.1788324175386498,0.11419415791975908,-0.843475341796875
2.331371375028316,0.11419415791975908,-0.89251708984375
2.483910332517981,0.11419415791975908,0.891754150390625
2.636449290007647,0.11419415791975908,0.69281005859375
2.788988247497313,0.11419415791975908,-0.02972412109375
2.9415272049869787,0.11419415791975908,-0.77423095703125
3.0940661624766443,0.11419415791975908,-0.5828857421875
3.2466051199663104,0.11419415791975908,0.1566162109375
3.399144077455976,0.11419415791975908,0.54339599609375
3.5516830349456416,0.11419415791975908,0.0067138671875
3.704221992435308,0.11419415791975908,-0.0794677734375
1.381840802973,0.994651517564861,-0.99395751953125
1.4821771032698343,0.994651517564861,0.990753173828125
1.582513403566669,0.994651517564861,0.989776611328125
1.6828497038635033,0.994651517564861,-0.9853515625
1.7831860041603378,0.994651517564861,0.98187255859375
1.8835223044571725,0.994651517564861,0.95721435546875
1.9838586047540063,0.994651517564861,0.973052978515625
2.0841949050508406,0.994651517564861,-0.908111572265625
2.1845312053476755,0.994651517564861,0.925079345703125
2.2848675056445096,0.994651517564861,-0.91064453125
2.3852038059413445,0.994651517564861,-0.851806640625
2.4855401062381786,0.994651517564861,0.904815673828125
2.585876406535013,0.994651517564861,-0.85504150390625
2.6862127068318475,0.994651517564861,0.7340087890625
2.7865490071286816,0.994651517564861,0.748291015625
2.8868853074255165,0.994651517564861,-0.799957275390625
1.010454268660764,0.17760636352385106,-0.999359130859375
1.1490684837330178,0.17760636352385106,-0.99713134765625
1.287682698805272,0.17760636352385106,0.9927978515625
1.426296913877526,0.17760636352385106,-0.995147705078125
1.5649111289497797,0.17760636352385106,-0.991302490234375
1.7035253440220337,0.17760636352385106,-0.973419189453125
1.8421395590942875,0.17760636352385106,-0.97265625
1.9807537741665413,0.17760636352385106,0.9677734375
2.1193679892387958,0.17760636352385106,0.869384765625
2.2579822043110487,0.17760636352385106,-0.911285400390625
2.3965964193833034,0.17760636352385106,-0.890533447265625
2.5352106344555567,0.17760636352385106,-0.881378173828125
2.673824849527811,0.17760636352385106,0.84161376953125
2.8124390646000648,0.17760636352385106,0.715728759765625
2.9510532796723186,0.17760636352385106,-0.71807861328125
3.0896674947445733,0.17760636352385106,-0.27447509765625
1.7766729063196383,0.7320176360318575,0.969940185546875
1.9569823687407888,0.7320176360318575,0.961151123046875
2.1372918311619404,0.7320176360318575,-0.936065673828125
2.317601293583092,0.7320176360318575,-0.91143798828125
2.4979107560042433,0.7320176360318575,-0.880401611328125
2.6782202184253943,0.7320176360318575,0.722503662109375
2.858529680846545,0.7320176360318575,0.803802490234375
3.0388391432676967,0.7320176360318575,0.351593017578125
3.219148605688848,0.7320176360318575,-0.10418701171875
3.3994580681099986,0.7320176360318575,0.379669189453125
3.57976753053115,0.7320176360318575,-0.549774169921875
3.7600769929523015,0.7320176360318575,0.44287109375
3.940386455373453,0.7320176360318575,0.28363037109375
4.120695917794603,0.7320176360318575,0.09149169921875
4.301005380215757,0.7320176360318575,0.176422119140625
4.481314842636906,0.7320176360318575,-0.251953125
1.8864936056733408,0.21511389579629936,-0.959808349609375
1.9817919160423896,0.21511389579629936,0.9649658203125
2.0770902264114386,0.21511389579629936,0.95330810546875
2.1723885367804874,0.21511389579629936,-0.8438720703125
2.2676868471495366,0.21511389579629936,-0.93048095703125
2.3629851575185854,0.21511389579629936,0.842071533203125
2.458283467887634,0.21511389579629936,-0.898529052734375
2.553581778256683,0.21511389579629936,0.85693359375
2.648880088625732,0.21511389579629936,0.8673095703125
2.744178398994781,0.21511389579629936,-0.03070068359375
2.8394767093638293,0.21511389579629936,0.098541259765625
2.9347750197328786,0.21511389579629936,-0.722198486328125
3.030073330101927,0.21511389579629936,0.24102783203125
3.125371640470976,0.21511389579629936,0.6123046875
3.220669950840025,0.21511389579629936,0.00738525390625
3.3159682612090737,0.21511389579629936,-0.232086181640625
1.6025947940748089,0.46426288094327,0.98291015625
1.7686286418591048,0.46426288094327,-0.982879638671875
1.9346624896434008,0.46426288094327,-0.97198486328125
2.100696337427697,0.46426288094327,-0.91973876953125
2.266730185211993,0.46426288094327,0.888397216796875
2.4327640329962894,0.46426288094327,-0.83056640625
2.5987978807805856,0.46426288094327,-0.04644775390625
2.7648317285648814,0.46426288094327,0.80255126953125
2.930865576349177,0.46426288094327,0.6021728515625
3.0968994241334737,0.46426288094327,-0.57452392578125
3.262933271917769,0.46426288094327,0.34942626953125
3.4289671197020657,0.46426288094327,-0.633453369140625
3.595000967486362,0.46426288094327,-0.507568359375
3.761034815270658,0.46426288094327,-0.318115234375
3.927068663054954,0.46426288094327,-0.242431640625
4.09310251083925,0.46426288094327,-0.2265625
1.4610856240319008,0.5459642428932786,-0.992156982421875
1.545498964943115,0.5459642428932786,-0.99212646484375
1.6299123058543292,0.5459642428932786,-0.9896240234375
1.7143256467655432,0.5459642428932786,-0.972137451171875
1.7987389876767572,0.5459642428932786,-0.97442626953125
1.8831523285879712,0.5459642428932786,0.9576416015625
1.9675656694991852,0.5459642428932786,-0.936431884765625
2.0519790104103994,0.5459642428932786,0.94842529296875
2.136392351321613,0.5459642428932786,0.94757080078125
2.2208056922328274,0.5459642428932786,-0.9178466796875
2.3052190331440414,0.5459642428932786,-0.922332763671875
2.389632374055256,0.5459642428932786,-0.89703369140625
2.4740457149664694,0.5459642428932786,0.828857421875
2.558459055877684,0.5459642428932786,-0.83831787109375
2.642872396788898,0.5459642428932786,-0.547943115234375
2.727285737700112,0.5459642428932786,-0.756439208984375
1.341046411074602,0.007106806823112376,-0.995025634765625
1.526455214336799,0.007106806823112376,0.99200439453125
1.7118640175989963,0.007106806823112376,-0.977630615234375
1.8972728208611933,0.007106806823112376,-0.9661865234375
2.0826816241233908,0.007106806823112376,0.92071533203125
2.268090427385588,0.007106806823112376,-0.925018310546875
2.453499230647785,0.007106806823112376,-0.854095458984375
2.6389080339099817,0.007106806823112376,0.79638671875
2.8243168371721787,0.007106806823112376,-0.732757568359375
3.0097256404343766,0.007106806823112376,-0.18231201171875
3.195134443696574,0.007106806823112376,-0.64605712890625
3.3805432469587715,0.007106806823112376,-0.45068359375
3.565952050220968,0.007106806823112376,-0.010772705078125
3.7513608534831655,0.007106806823112376,0.123260498046875
3.9367696567453625,0.007106806823112376,0.400848388671875
4.12217846000756,0.007106806823112376,-0.014404296875
1.6669413596552372,-0.5117532987135323,-0.987823486328125
1.846721287733728,-0.5117532987135323,0.976318359375
2.026501215812218,-0.5117532987135323,0.942718505859375
2.206281143890708,-0.5117532987135323,-0.909454345703125
2.3860610719691984,-0.5117532987135323,-0.91278076171875
2.5658410000476892,-0.5117532987135323,0.863739013671875
2.745620928126179,-0.5117532987135323,-0.843292236328125
2.9254008562046696,-0.5117532987135323,-0.70111083984375
3.10518078428316,-0.5117532987135323,0.7314453125
3.2849607123616504,-0.5117532987135323,-0.610260009765625
3.4647406404401404,-0.5117532987135323,-0.39990234375
3.6445205685186313,-0.5117532987135323,-0.32720947265625
3.824300496597121,-0.5117532987135323,-0.379241943359375
4.004080424675612,-0.5117532987135323,0.4737548828125
4.183860352754102,-0.5117532987135323,0.28338623046875
4.363640280832592,-0.5117532987135323,0.184722900390625
1.979914042420732,0.3427618642530089,0.938079833984375
2.095753563697133,0.3427618642530089,-0.958465576171875
2.2115930849735355,0.3427618642530089,0.8671875
2.3274326062499364,0.3427618642530089,-0.906707763671875
2.4432721275263383,0.3427618642530089,-0.870147705078125
2.55911164880274,0.3427618642530089,-0.792510986328125
2.674951170079141,0.3427618642530089,-0.222503662109375
2.790790691355543,0.3427618642530089,0.5986328125
2.9066302126319448,0.3427618642530089,0.7493896484375
3.022469733908346,0.3427618642530089,0.204254150390625
3.138309255184748,0.3427618642530089,0.1815185546875
3.2541487764611494,0.3427618642530089,0.1776123046875
3.3699882977375517,0.3427618642530089,-0.52392578125
3.4858278190139527,0.3427618642530089,0.357086181640625
3.601667340290353,0.3427618642530089,-0.498321533203125
3.7175068615667564,0.3427618642530089,-0.161102294921875
1.9442058572423593,-0.025615107577528273,-0.972503662109375
2.090749790117107,-0.025615107577528273,0.96051025390625
2.2372937229918555,-0.025615107577528273,0.930389404296875
2.3838376558666035,-0.025615107577528273,-0.876220703125
2.530381588741352,-0.025615107577528273,-0.52392578125
2.6769255216161,-0.025615107577528273,0.806854248046875
2.8234694544908483,-0.025615107577528273,0.526611328125
2.9700133873655963,-0.025615107577528273,-0.751434326171875
3.1165573202403447,-0.025615107577528273,0.307861328125
3.2631012531150927,-0.025615107577528273,-0.275177001953125
3.4096451859898407,-0.025615107577528273,0.10546875
3.5561891188645887,-0.025615107577528273,0.438629150390625
3.7027330517393366,-0.025615107577528273,0.385589599609375
3.849276984614085,-0.025615107577528273,0.028594970703125
3.9958209174888335,-0.025615107577528273,0.1746826171875
4.142364850363582,-0.025615107577528273,0.020965576171875
1.9494877745580943,-0.6822716714869702,-0.97222900390625
2.095291462510392,-0.6822716714869702,-0.93621826171875
2.241095150462689,-0.6822716714869702,0.936309814453125
2.3868988384149867,-0.6822716714869702,0.880615234375
2.532702526367284,-0.6822716714869702,0.813812255859375
2.678506214319581,-0.6822716714869702,-0.738372802734375
2.8243099022718785,-0.6822716714869702,-0.07720947265625
2.970113590224176,-0.6822716714869702,0.70404052734375
3.115917278176473,-0.6822716714869702,-0.46099853515625
3.261720966128771,-0.6822716714869702,-0.45294189453125
3.4075246540810684,-0.6822716714869702,0.067352294921875
3.5533283420333657,-0.6822716714869702,0.42010498046875
3.699132029985664,-0.6822716714869702,-0.234161376953125
3.84493571793796,-0.6822716714869702,-0.44586181640625
3.9907394058902583,-0.6822716714869702,-0.212432861328125
4.136543093842556,-0.6822716714869702,0.299713134765625
1.9097335241675957,-0.4466088642478093,-0.957244873046875
2.0278034075602003,-0.4466088642478093,0.966644287109375
2.1458732909528044,-0.4466088642478093,0.913543701171875
2.2639431743454086,-0.4466088642478093,-0.884429931640625
2.382013057738013,-0.4466088642478093,0.8394775390625
2.5000829411306182,-0.4466088642478093,-0.84747314453125
2.6181528245232215,-0.4466088642478093,0.854339599609375
2.7362227079158266,-0.4466088642478093,-0.6287841796875
2.8542925913084307,-0.4466088642478093,-0.697296142578125
2.9723624747010358,-0.4466088642478093,0.245819091796875
3.0904323580936404,-0.4466088642478093,-0.6600341796875
3.2085022414862445,-0.4466088642478093,0.3970947265625
3.3265721248788487,-0.4466088642478093,-0.6094970703125
3.4446420082714533,-0.4466088642478093,-0.56475830078125
3.562711891664057,-0.4466088642478093,-0.399993896484375
3.680781775056662,-0.4466088642478093,0.283843994140625
1.4187189445368804,0.39218783255252976,-0.996185302734375
1.542756014925759,0.39218783255252976,0.9921875
1.6667930853146375,0.39218783255252976,0.98382568359375
1.7908301557035162,0.39218783255252976,0.9556884765625
1.914867226092395,0.39218783255252976,-0.936248779296875
2.0389042964812734,0.39218783255252976,-0.935150146484375
2.1629413668701516,0.39218783255252976,-0.927886962890625
2.2869784372590307,0.39218783255252976,0.929840087890625
2.4110155076479094,0.39218783255252976,-0.838043212890625
2.535052578036788,0.39218783255252976,-0.869171142578125
2.6590896484256663,0.39218783255252976,-0.83160400390625
2.7831267188145445,0.39218783255252976,-0.820556640625
2.907163789203424,0.39218783255252976,-0.792877197265625
3.0312008595923023,0.39218783255252976,0.208038330078125
3.155237929981181,0.39218783255252976,0.249725341796875
3.2792750003700597,0.39218783255252976,-0.36590576171875
1.9572363235155177,-0.671558070047335,0.9356689453125
2.0009765979105976,-0.671558070047335,-0.957672119140625
2.0447168723056777,-0.671558070047335,-0.9588623046875
2.0884571467007573,-0.671558070047335,-0.950531005859375
2.132197421095837,-0.671558070047335,-0.936126708984375
2.175937695490917,-0.671558070047335,-0.946502685546875
2.219677969885997,-0.671558070047335,0.32501220703125
2.2634182442810773,-0.671558070047335,-0.933319091796875
2.3071585186761574,-0.671558070047335,0.896728515625
2.350898793071237,-0.671558070047335,0.799530029296875
2.3946390674663167,-0.671558070047335,0.88677978515625
2.4383793418613973,-0.671558070047335,-0.8370361328125
2.482119616256477,-0.671558070047335,0.874603271484375
2.5258598906515566,-0.671558070047335,-0.8033447265625
2.5696001650466367,-0.671558070047335,-0.782562255859375
2.613340439441717,-0.671558070047335,0.81817626953125
1.7182717018088978,-0.4525377528048772,0.97613525390625
1.8169410319611172,-0.4525377528048772,-0.964385986328125
1.915610362113337,-0.4525377528048772,0.954132080078125
2.0142796922655566,-0.4525377528048772,0.955322265625
2.1129490224177765,-0.4525377528048772,0.957794189453125
2.2116183525699964,-0.4525377528048772,0.947265625
2.310287682722216,-0.4525377528048772,-0.92034912109375
2.408957012874436,-0.4525377528048772,-0.821044921875
2.5076263430266548,-0.4525377528048772,-0.730560302734375
2.606295673178875,-0.4525377528048772,-0.622802734375
2.7049650033310946,-0.4525377528048772,0.326171875
2.8036343334833145,-0.4525377528048772,0.326416015625
2.9023036636355335,-0.4525377528048772,0.337066650390625
3.0009729937877543,-0.4525377528048772,-0.154632568359375
3.0996423239399737,-0.4525377528048772,-0.6910400390625
3.198311654092193,-0.4525377528048772,0.483184814453125
1.9255171022411783,0.3659296044808053,-0.965179443359375
2.0743813352592397,0.3659296044808053,-0.951873779296875
2.2232455682773,0.3659296044808053,0.726959228515625
2.3721098012953616,0.3659296044808053,-0.88702392578125
2.5209740343134226,0.3659296044808053,0.739227294921875
2.669838267331484,0.3659296044808053,-0.858245849609375
2.8187025003495445,0.3659296044808053,-0.55682373046875
2.967566733367605,0.3659296044808053,-0.6353759765625
3.116430966385667,0.3659296044808053,0.56549072265625
3.265295199403728,0.3659296044808053,0.591888427734375
3.4141594324217888,0.3659296044808053,0.5648193359375
3.5630236654398497,0.3659296044808053,-0.373138427734375
3.711887898457911,0.3659296044808053,-0.025482177734375
3.860752131475972,0.3659296044808053,0.2242431640625
4.0096163644940335,0.3659296044808053,-0.3662109375
4.158480597512094,0.3659296044808053,-0.145660400390625
1.7778133427084857,-0.931100619493728,-0.980316162109375
1.9459561353597692,-0.931100619493728,-0.95220947265625
2.1140989280110523,-0.931100619493728,0.924713134765625
2.2822417206623355,-0.931100619493728,0.92999267578125
2.4503845133136193,-0.931100619493728,0.890838623046875
2.6185273059649017,-0.931100619493728,-0.85797119140625
2.7866700986161854,-0.931100619493728,-0.819671630859375
2.9548128912674683,-0.931100619493728,0.720062255859375
3.122955683918752,-0.931100619493728,0.598388671875
3.2910984765700353,-0.931100619493728,-0.2083740234375
3.4592412692213186,-0.931100619493728,0.5137939453125
3.6273840618726014,-0.931100619493728,-0.154510498046875
3.7955268545238847,-0.931100619493728,-0.291168212890625
3.963669647175168,-0.931100619493728,0.374176025390625
4.131812439826451,-0.931100619493728,0.30499267578125
4.299955232477735,-0.931100619493728,0.371917724609375
1.1216722271195,0.11046438470875576,-0.9989013671875
1.2293324179385616,0.11046438470875576,0.9964599609375
1.3369926087576232,0.11046438470875576,-0.994781494140625
1.4446527995766851,0.11046438470875576,-0.992034912109375
1.5523129903957464,0.11046438470875576,0.98553466796875
1.6599731812148082,0.11046438470875576,-0.981658935546875
1.7676333720338702,0.11046438470875576,-0.954437255859375
1.8752935628529317,0.11046438470875576,-0.950225830078125
1.982953753671993,0.11046438470875576,-0.96697998046875
2.0906139444910545,0.11046438470875576,-0.90496826171875
2.1982741353101165,0.11046438470875576,0.023590087890625
2.305934326129178,0.11046438470875576,-0.91229248046875
2.41359451694824,0.11046438470875576,-0.823486328125
2.521254707767301,0.11046438470875576,0.78497314453125
2.628914898586363,0.11046438470875576,0.73333740234375
2.7365750894054246,0.11046438470875576,-0.269287109375
1.0616708809206623,-0.7882759170250325,0.999176025390625
1.1706090764646484,-0.7882759170250325,-0.997802734375
1.2795472720086345,-0.7882759170250325,-0.997344970703125
1.3884854675526204,-0.7882759170250325,0.994659423828125
1.4974236630966065,-0.7882759170250325,-0.991729736328125
1.6063618586405926,-0.7882759170250325,-0.981414794921875
1.7153000541845786,-0.7882759170250325,0.9774169921875
1.8242382497285647,-0.7882759170250325,-0.942657470703125
1.9331764452725508,-0.7882759170250325,0.954833984375
2.042114640816537,-0.7882759170250325,0.944976806640625
2.151052836360523,-0.7882759170250325,-0.94354248046875
2.2599910319045087,-0.7882759170250325,0.920989990234375
2.368929227448495,-0.7882759170250325,-0.8443603515625
2.477867422992481,-0.7882759170250325,0.87603759765625
2.5868056185364665,-0.7882759170250325,0.832244873046875
2.695743814080453,-0.7882759170250325,0.818939208984375
1.071918137952928,0.21461533881778627,0.999420166015625
1.2864350305002814,0.21461533881778627,0.99761962890625
1.500951923047635,0.21461533881778627,-0.992828369140625
1.7154688155949884,0.21461533881778627,0.984405517578125
1.9299857081423417,0.21461533881778627,-0.958587646484375
2.1445026006896954,0.21461533881778627,0.953033447265625
2.3590194932370485,0.21461533881778627,-0.88372802734375
2.5735363857844025,0.21461533881778627,0.767120361328125
2.788053278331756,0.21461533881778627,-0.64862060546875
3.002570170879109,0.21461533881778627,0.4791259765625
3.217087063426463,0.21461533881778627,-0.37286376953125
3.4316039559738165,0.21461533881778627,0.316986083984375
3.64612084852117,0.21461533881778627,-0.052825927734375
3.860637741068524,0.21461533881778627,-0.33795166015625
4.0751546336158775,0.21461533881778627,0.394775390625
4.289671526163231,0.21461533881778627,-0.09796142578125
1.6436216252292368,-0.5197020769212155,0.98651123046875
1.800473036789642,-0.5197020769212155,-0.983245849609375
1.9573244483500472,-0.5197020769212155,-0.947296142578125
2.1141758599104516,-0.5197020769212155,-0.955963134765625
2.271027271470857,-0.5197020769212155,0.851348876953125
2.4278786830312624,-0.5197020769212155,0.640869140625
2.584730094591668,-0.5197020769212155,-0.574951171875
2.7415815061520723,-0.5197020769212155,-0.645782470703125
2.8984329177124777,-0.5197020769212155,0.58746337890625
3.0552843292728835,-0.5197020769212155,-0.680267333984375
3.212135740833288,-0.5197020769212155,-0.64141845703125
3.3689871523936934,-0.5197020769212155,0.443634033203125
3.5258385639540983,-0.5197020769212155,-0.00164794921875
3.6826899755145033,-0.5197020769212155,0.058441162109375
3.839541387074908,-0.5197020769212155,0.116851806640625
3.9963927986353136,-0.5197020769212155,0.2974853515625
1.8230075721068133,-0.571135630902842,0.97735595703125
1.974831647849756,-0.571135630902842,0.97222900390625
2.126655723592698,-0.571135630902842,-0.932708740234375
2.2784797993356407,-0.571135630902842,-0.87188720703125
2.4303038750785837,-0.571135630902842,0.69830322265625
2.582127950821526,-0.571135630902842,0.80511474609375
2.7339520265644683,-0.571135630902842,-0.431884765625
2.8857761023074118,-0.571135630902842,0.580291748046875
3.037600178050353,-0.571135630902842,-0.35882568359375
3.1894242537932964,-0.571135630902842,0.06103515625
3.3412483295362385,-0.571135630902842,0.094757080078125
3.493072405279181,-0.571135630902842,0.450469970703125
3.6448964810221236,-0.571135630902842,-0.4296875
3.7967205567650666,-0.571135630902842,-0.352813720703125
3.948544632508009,-0.571135630902842,-0.3082275390625
4.100368708250952,-0.571135630902842,0.24078369140625
1.9813543406305685,-0.0667187405599392,0.949188232421875
2.133368867234281,-0.0667187405599392,-0.937744140625
2.285383393837994,-0.0667187405599392,0.827850341796875
2.437397920441707,-0.0667187405599392,0.916900634765625
2.5894124470454196,-0.0667187405599392,-0.73297119140625
2.7414269736491335,-0.0667187405599392,0.809783935546875
2.8934415002528464,-0.0667187405599392,-0.6837158203125
3.04545602685656,-0.0667187405599392,-0.2540283203125
3.1974705534602723,-0.0667187405599392,0.26123046875
3.3494850800639853,-0.0667187405599392,-0.57794189453125
3.501499606667698,-0.0667187405599392,-0.5518798828125
3.653514133271411,-0.0667187405599392,-0.13470458984375
3.8055286598751237,-0.0667187405599392,0.08502197265625
3.957543186478837,-0.0667187405599392,-0.381561279296875
4.109557713082549,-0.0667187405599392,-0.257171630859375
4.261572239686263,-0.0667187405599392,0.0257568359375
1.8972815083103816,-0.3738582979716618,-0.95001220703125
2.0681678839744397,-0.3738582979716618,-0.952972412109375
2.239054259638499,-0.3738582979716618,-0.762237548828125
2.4099406353025574,-0.3738582979716618,0.888214111328125
2.5808270109666163,-0.3738582979716618,-0.731048583984375
2.7517133866306747,-0.3738582979716618,0.006378173828125
2.922599762294733,-0.3738582979716618,-0.57958984375
3.0934861379587915,-0.3738582979716618,0.151824951171875
3.2643725136228503,-0.3738582979716618,-0.620330810546875
3.4352588892869087,-0.3738582979716618,-0.049713134765625
3.606145264950968,-0.3738582979716618,0.414520263671875
3.7770316406150264,-0.3738582979716618,0.311431884765625
3.947918016279084,-0.3738582979716618,-0.018585205078125
4.118804391943144,-0.3738582979716618,0.1278076171875
4.289690767607201,-0.3738582979716618,-0.1070556640625
4.4605771432712595,-0.3738582979716618,0.1466064453125
1.4331402281546235,-0.4538399328263664,0.99169921875
1.5891102977325875,-0.4538399328263664,-0.984344482421875
1.7450803673105515,-0.4538399328263664,0.9832763671875
1.901050436888516,-0.4538399328263664,0.9461669921875
2.0570205064664795,-0.4538399328263664,-0.893402099609375
2.212990576044444,-0.4538399328263664,-0.029022216796875
2.3689606456224075,-0.4538399328263664,0.920989990234375
2.524930715200372,-0.4538399328263664,-0.81573486328125
2.680900784778336,-0.4538399328263664,-0.58294677734375
2.8368708543563,-0.4538399328263664,-0.209808349609375
2.9928409239342635,-0.4538399328263664,-0.722381591796875
3.148810993512228,-0.4538399328263664,-0.53448486328125
3.304781063090192,-0.4538399328263664,-0.32122802734375
3.460751132668156,-0.4538399328263664,0.380218505859375
3.61672120224612,-0.4538399328263664,-0.378143310546875
3.772691271824084,-0.4538399328263664,0.289764404296875
1.225813842479757,0.06945982523447969,-0.998199462890625
1.3328878785002949,0.06945982523447969,0.99591064453125
1.4399619145208329,0.06945982523447969,-0.989837646484375
1.5470359505413709,0.06945982523447969,0.9913330078125
1.6541099865619089,0.06945982523447969,-0.98834228515625
1.7611840225824462,0.06945982523447969,-0.969757080078125
1.868258058602984,0.06945982523447969,0.96612548828125
1.9753320946235218,0.06945982523447969,-0.91766357421875
2.08240613064406,0.06945982523447969,-0.957122802734375
2.1894801666645973,0.06945982523447969,-0.945220947265625
2.2965542026851358,0.06945982523447969,-0.921142578125
2.4036282387056733,0.06945982523447969,0.712554931640625
2.510702274726211,0.06945982523447969,0.898468017578125
2.617776310746749,0.06945982523447969,-0.818939208984375
2.7248503467672873,0.06945982523447969,-0.802001953125
2.8319243827878244,0.06945982523447969,-0.23681640625
1.9749432777530536,0.5943093697141265,-0.9605712890625
2.0616821498338127,0.5943093697141265,-0.963592529296875
2.148421021914572,0.5943093697141265,-0.90850830078125
2.235159893995331,0.5943093697141265,-0.904632568359375
2.3218987660760897,0.5943093697141265,-0.899017333984375
2.4086376381568493,0.5943093697141265,0.7821044921875
2.495376510237608,0.5943093697141265,0.815032958984375
2.5821153823183667,0.5943093697141265,-0.881195068359375
2.6688542543991263,0.5943093697141265,0.84808349609375
2.7555931264798854,0.5943093697141265,0.788543701171875
2.8423319985606437,0.5943093697141265,-0.65008544921875
2.9290708706414037,0.5943093697141265,0.642913818359375
3.0158097427221624,0.5943093697141265,0.522247314453125
3.1025486148029215,0.5943093697141265,-0.521514892578125
3.18928748688368,0.5943093697141265,-0.39959716796875
3.2760263589644394,0.5943093697141265,-0.548095703125
1.1277454273601082,-0.32975643692697265,0.99664306640625
1.2784054271299583,-0.32975643692697265,0.99566650390625
1.4290654268998084,-0.32975643692697265,0.99261474609375
1.5797254266696583,-0.32975643692697265,-0.9908447265625
1.7303854264395084,-0.32975643692697265,-0.97381591796875
1.8810454262093583,-0.32975643692697265,-0.97418212890625
2.0317054259792084,-0.32975643692697265,-0.9354248046875
2.1823654257490586,-0.32975643692697265,0.917877197265625
2.3330254255189087,-0.32975643692697265,0.786865234375
2.4836854252887592,-0.32975643692697265,-0.738861083984375
2.634345425058609,-0.32975643692697265,0.824554443359375
2.7850054248284586,-0.32975643692697265,0.19091796875
2.9356654245983087,-0.32975643692697265,-0.631072998046875
3.0863254243681584,-0.32975643692697265,0.563629150390625
3.236985424138009,-0.32975643692697265,-0.397918701171875
3.3876454239078586,-0.32975643692697265,0.30706787109375
1.4207131410953475,-0.7550878272547761,0.99285888671875
1.5663843908409507,-0.7550878272547761,-0.98223876953125
1.7120556405865537,-0.7550878272547761,0.97064208984375
1.8577268903321569,-0.7550878272547761,0.97711181640625
2.00339814007776,-0.7550878272547761,-0.92767333984375
2.1490693898233633,-0.7550878272547761,0.945159912109375
2.2947406395689662,-0.7550878272547761,0.939117431640625
2.4404118893145688,-0.7550878272547761,-0.855682373046875
2.5860831390601726,-0.7550878272547761,0.7322998046875
2.731754388805776,-0.7550878272547761,-0.800445556640625
2.8774256385513786,-0.7550878272547761,-0.788238525390625
3.023096888296981,-0.7550878272547761,0.283966064453125
3.1687681380425854,-0.7550878272547761,0.630096435546875
3.314439387788188,-0.7550878272547761,-0.636505126953125
3.460110637533791,-0.7550878272547761,-0.0462646484375
3.6057818872793934,-0.7550878272547761,0.44976806640625
1.5338331516278654,-0.9082130543883188,-0.9910888671875
1.6639588006145734,-0.9082130543883188,-0.986480712890625
1.7940844496012804,-0.9082130543883188,-0.970916748046875
1.924210098587988,-0.9082130543883188,0.968780517578125
2.0543357475746955,-0.9082130543883188,-0.960418701171875
2.184461396561403,-0.9082130543883188,-0.85394287109375
2.314587045548111,-0.9082130543883188,0.83428955078125
2.4447126945348185,-0.9082130543883188,-0.004150390625
2.574838343521526,-0.9082130543883188,0.8079833984375
2.7049639925082336,-0.9082130543883188,0.794403076171875
2.835089641494941,-0.9082130543883188,-0.212890625
2.965215290481649,-0.9082130543883188,-0.508453369140625
3.0953409394683566,-0.9082130543883188,-0.687408447265625
3.2254665884550637,-0.9082130543883188,0.700531005859375
3.355592237441772,-0.9082130543883188,0.646240234375
3.4857178864284792,-0.9082130543883188,0.56915283203125
1.0036354809519703,-0.4639444311148776,-0.999053955078125
1.2276000381134589,-0.4639444311148776,0.997772216796875
1.4515645952749474,-0.4639444311148776,0.993011474609375
1.6755291524364362,-0.4639444311148776,-0.985809326171875
1.8994937095979243,-0.4639444311148776,0.957305908203125
2.123458266759413,-0.4639444311148776,0.949493408203125
2.3474228239209016,-0.4639444311148776,0.9010009765625
2.57138738108239,-0.4639444311148776,0.887115478515625
2.7953519382438787,-0.4639444311148776,-0.15283203125
3.0193164954053677,-0.4639444311148776,0.623291015625
3.2432810525668567,-0.4639444311148776,-0.529510498046875
3.4672456097283444,-0.4639444311148776,-0.150604248046875
3.6912101668898334,-0.4639444311148776,-0.483489990234375
3.9151747240513215,-0.4639444311148776,0.243927001953125
4.1391392812128105,-0.4639444311148776,0.295989990234375
4.363103838374299,-0.4639444311148776,0.161865234375
1.1626403693575913,-0.7698396899433032,0.998779296875
1.2978360365023558,-0.7698396899433032,0.99786376953125
1.4330317036471203,-0.7698396899433032,-0.996246337890625
1.568227370791885,-0.7698396899433032,-0.98974609375
1.7034230379366495,-0.7698396899433032,0.985015869140625
1.838618705081414,-0.7698396899433032,-0.96844482421875
1.9738143722261787,-0.7698396899433032,-0.961639404296875
2.1090100393709434,-0.7698396899433032,-0.952880859375
2.244205706515708,-0.7698396899433032,0.91107177734375
2.3794013736604716,-0.7698396899433032,0.901458740234375
2.5145970408052367,-0.7698396899433032,0.867645263671875
2.649792707950001,-0.7698396899433032,-0.50531005859375
2.784988375094766,-0.7698396899433032,0.833099365234375
2.9201840422395304,-0.7698396899433032,-0.1416015625
3.0553797093842947,-0.7698396899433032,-0.51654052734375
3.1905753765290594,-0.7698396899433032,0.632049560546875
1.5928896363930143,-0.5072512796627129,-0.9830322265625
1.7331340425569768,-0.5072512796627129,0.97808837890625
1.87337844872094,-0.5072512796627129,0.972686767578125
2.0136228548849022,-0.5072512796627129,0.955078125
2.153867261048865,-0.5072512796627129,-0.91583251953125
2.294111667212828,-0.5072512796627129,-0.9239501953125
2.4343560733767906,-0.5072512796627129,-0.890899658203125
2.5746004795407536,-0.5072512796627129,0.822418212890625
2.714844885704716,-0.5072512796627129,-0.8558349609375
2.855089291868679,-0.5072512796627129,0.753265380859375
2.995333698032642,-0.5072512796627129,0.44189453125
3.135578104196605,-0.5072512796627129,0.22698974609375
3.275822510360568,-0.5072512796627129,-0.39080810546875
3.41606691652453,-0.5072512796627129,-0.2728271484375
3.5563113226884933,-0.5072512796627129,0.1739501953125
3.6965557288524553,-0.5072512796627129,0.322967529296875
1.1949014337555086,-0.4821671539044331,0.99786376953125
1.3297933731690914,-0.4821671539044331,0.996826171875
1.4646853125826742,-0.4821671539044331,0.994354248046875
1.5995772519962572,-0.4821671539044331,0.9879150390625
1.73446919140984,-0.4821671539044331,0.976715087890625
1.8693611308234228,-0.4821671539044331,-0.92169189453125
2.004253070237006,-0.4821671539044331,-0.938629150390625
2.1391450096505893,-0.4821671539044331,0.9508056640625
2.2740369490641714,-0.4821671539044331,0.9425048828125
2.408928888477754,-0.4821671539044331,-0.8641357421875
2.543820827891337,-0.4821671539044331,0.326019287109375
2.67871276730492,-0.4821671539044331,-0.83843994140625
2.8136047067185026,-0.4821671539044331,-0.592254638671875
2.9484966461320856,-0.4821671539044331,-0.511749267578125
3.0833885855456686,-0.4821671539044331,0.46380615234375
3.218280524959251,-0.4821671539044331,0.47674560546875
1.4594277977610892,0.4904424201728708,-0.986968994140625
1.5747749296856748,0.4904424201728708,-0.989715576171875
1.6901220616102604,0.4904424201728708,-0.984527587890625
1.805469193534846,0.4904424201728708,0.96929931640625
1.9208163254594317,0.4904424201728708,-0.972381591796875
2.0361634573840166,0.4904424201728708,0.958770751953125
2.1515105893086024,0.4904424201728708,-0.941162109375
2.266857721233188,0.4904424201728708,-0.889404296875
2.382204853157773,0.4904424201728708,-0.89947509765625
2.4975519850823598,0.4904424201728708,-0.03582763671875
2.6128991170069447,0.4904424201728708,0.84393310546875
2.7282462489315296,0.4904424201728708,0.766082763671875
2.8435933808561162,0.4904424201728708,0.76947021484375
2.958940512780701,0.4904424201728708,-0.213134765625
3.0742876447052865,0.4904424201728708,-0.732177734375
3.1896347766298723,0.4904424201728708,-0.496551513671875
1.0992664702827746,-0.20867623380507416,-0.99957275390625
1.2754400392140777,-0.20867623380507416,0.995330810546875
1.4516136081453808,-0.20867623380507416,-0.98785400390625
1.6277871770766836,-0.20867623380507416,-0.978607177734375
1.8039607460079867,-0.20867623380507416,0.97271728515625
1.9801343149392896,-0.20867623380507416,0.947509765625
2.1563078838705927,-0.20867623380507416,-0.94891357421875
2.332481452801896,-0.20867623380507416,-0.88330078125
2.5086550217331993,-0.20867623380507416,0.66656494140625
2.6848285906645017,-0.20867623380507416,0.7510986328125
2.8610021595958055,-0.20867623380507416,0.60211181640625
3.037175728527108,-0.20867623380507416,-0.723114013671875
3.213349297458411,-0.20867623380507416,-0.47833251953125
3.3895228663897137,-0.20867623380507416,0.588836669921875
3.565696435321017,-0.20867623380507416,-0.316436767578125
3.74187000425232,-0.20867623380507416,0.122528076171875
1.5043944212070963,0.2800751277673001,-0.993988037109375
1.5910087662461971,0.2800751277673001,0.983978271484375
1.6776231112852982,0.2800751277673001,-0.970733642578125
1.7642374563243992,0.2800751277673001,-0.967559814453125
1.8508518013635,0.2800751277673001,0.9727783203125
1.9374661464026008,0.2800751277673001,0.964019775390625
2.0240804914417017,0.2800751277673001,0.939910888671875
2.1106948364808025,0.2800751277673001,0.934478759765625
2.197309181519904,0.2800751277673001,0.927825927734375
2.2839235265590045,0.2800751277673001,-0.92120361328125
2.3705378715981054,0.2800751277673001,-0.917694091796875
2.457152216637206,0.2800751277673001,-0.887481689453125
2.5437665616763065,0.2800751277673001,-0.8076171875
2.6303809067154083,0.2800751277673001,0.839752197265625
2.7169952517545086,0.2800751277673001,-0.71392822265625
2.80360959679361,0.2800751277673001,-0.63018798828125
1.1801731167400231,0.4389712497459449,-0.998291015625
1.3615183832552906,0.4389712497459449,0.995086669921875
1.5428636497705581,0.4389712497459449,0.99066162109375
1.7242089162858252,0.4389712497459449,0.962646484375
1.9055541828010925,0.4389712497459449,0.974090576171875
2.0868994493163595,0.4389712497459449,0.948699951171875
2.268244715831627,0.4389712497459449,0.909027099609375
2.449589982346894,0.4389712497459449,0.681304931640625
2.630935248862161,0.4389712497459449,-0.81475830078125
2.8122805153774286,0.4389712497459449,-0.815185546875
2.993625781892696,0.4389712497459449,-0.63934326171875
3.1749710484079627,0.4389712497459449,0.65673828125
3.3563163149232302,0.4389712497459449,-0.502197265625
3.5376615814384977,0.4389712497459449,-0.458953857421875
3.7190068479537652,0.4389712497459449,-0.422576904296875
3.900352114469032,0.4389712497459449,-0.225830078125
1.8842555386125897,0.3578045279154938,-0.968353271484375
2.011940020198677,0.3578045279154938,-0.93170166015625
2.1396245017847635,0.3578045279154938,-0.94439697265625
2.267308983370851,0.3578045279154938,0.8382568359375
2.3949934649569378,0.3578045279154938,0.8743896484375
2.5226779465430247,0.3578045279154938,-0.810760498046875
2.650362428129112,0.3578045279154938,0.657989501953125
2.7780469097151994,0.3578045279154938,0.743804931640625
2.9057313913012863,0.3578045279154938,-0.6395263671875
3.033415872887373,0.3578045279154938,-0.65673828125
3.16110035447346,0.3578045279154938,-0.442230224609375
3.288784836059547,0.3578045279154938,0.2642822265625
3.416469317645634,0.3578045279154938,0.612457275390625
3.5441537992317214,0.3578045279154938,-0.29443359375
3.671838280817808,0.3578045279154938,-0.054962158203125
3.799522762403895,0.3578045279154938,-0.183807373046875
1.8020776023346918,-0.9940020496730884,-0.9747314453125
1.965167124219875,-0.9940020496730884,0.946807861328125
2.1282566461050583,-0.9940020496730884,0.930755615234375
2.2913461679902407,-0.9940020496730884,0.917144775390625
2.454435689875424,-0.9940020496730884,0.827484130859375
2.6175252117606065,-0.9940020496730884,-0.86334228515625
2.7806147336457894,-0.9940020496730884,-0.831268310546875
2.943704255530972,-0.9940020496730884,0.09002685546875
3.1067937774161547,-0.9940020496730884,-0.729217529296875
3.2698832993013376,-0.9940020496730884,0.672332763671875
3.432972821186522,-0.9940020496730884,-0.527069091796875
3.596062343071704,-0.9940020496730884,0.42724609375
3.7591518649568862,-0.9940020496730884,0.20269775390625
3.922241386842069,-0.9940020496730884,0.309539794921875
4.0853309087272525,-0.9940020496730884,-0.112213134765625
4.248420430612435,-0.9940020496730884,0.398651123046875
1.0463377262643292,0.3828510936903268,-0.9990234375
1.2049568010375098,0.3828510936903268,-0.998687744140625
1.3635758758106906,0.3828510936903268,0.99566650390625
1.5221949505838714,0.3828510936903268,0.98028564453125
1.6808140253570525,0.3828510936903268,-0.988494873046875
1.839433100130233,0.3828510936903268,-0.96728515625
1.9980521749034137,0.3828510936903268,0.9595947265625
2.1566712496765943,0.3828510936903268,0.080352783203125
2.315290324449776,0.3828510936903268,0.760589599609375
2.473909399222956,0.3828510936903268,0.898651123046875
2.6325284739961368,0.3828510936903268,-0.85675048828125
2.7911475487693176,0.3828510936903268,0.364227294921875
2.9497666235424984,0.3828510936903268,0.4588623046875
3.1083856983156792,0.3828510936903268,0.101959228515625
3.26700477308886,0.3828510936903268,0.6627197265625
3.425623847862041,0.3828510936903268,-0.292388916015625
1.236568172989881,0.9612769607768158,0.99774169921875
1.3332345941317347,0.9612769607768158,0.99407958984375
1.4299010152735885,0.9612769607768158,0.99029541015625
1.5265674364154425,0.9612769607768158,-0.98284912109375
1.6232338575572962,0.9612769607768158,0.9901123046875
1.7199002786991497,0.9612769607768158,0.981964111328125
1.816566699841004,0.9612769607768158,-0.9765625
1.9132331209828572,0.9612769607768158,-0.963409423828125
2.0098995421247112,0.9612769607768158,0.95050048828125
2.106565963266565,0.9612769607768158,0.921844482421875
2.2032323844084187,0.9612769607768158,0.943695068359375
2.2998988055502725,0.9612769607768158,0.906890869140625
2.3965652266921262,0.9612769607768158,0.8677978515625
2.49323164783398,0.9612769607768158,-0.70550537109375
2.5898980689758337,0.9612769607768158,-0.7916259765625
2.6865644901176884,0.9612769607768158,-0.83782958984375
1.9914541357354658,-0.6598883962378421,0.921173095703125
2.109974799940208,-0.6598883962378421,-0.930938720703125
2.22849546414495,-0.6598883962378421,-0.93853759765625
2.3470161283496918,-0.6598883962378421,-0.87548828125
2.4655367925544347,-0.6598883962378421,-0.847137451171875
2.5840574567591768,-0.6598883962378421,0.79241943359375
2.7025781209639193,-0.6598883962378421,-0.362213134765625
2.821098785168661,-0.6598883962378421,0.386016845703125
2.9396194493734034,-0.6598883962378421,0.479888916015625
3.058140113578145,-0.6598883962378421,-0.546173095703125
3.1766607777828866,-0.6598883962378421,-0.415557861328125
3.295181441987629,-0.6598883962378421,-0.5302734375
3.413702106192371,-0.6598883962378421,0.4586181640625
3.5322227703971136,-0.6598883962378421,-0.0087890625
3.650743434601856,-0.6598883962378421,0.5235595703125
3.7692640988065977,-0.6598883962378421,0.396881103515625
1.997230199660121,-0.8659836817254819,0.960235595703125
2.083519572897897,-0.8659836817254819,0.959869384765625
2.1698089461356718,-0.8659836817254819,-0.8704833984375
2.2560983193734483,-0.8659836817254819,0.8995361328125
2.342387692611224,-0.8659836817254819,0.84796142578125
2.428677065849,-0.8659836817254819,-0.905914306640625
2.5149664390867748,-0.8659836817254819,0.82867431640625
2.601255812324551,-0.8659836817254819,-0.84735107421875
2.6875451855623265,-0.8659836817254819,-0.823974609375
2.7738345588001025,-0.8659836817254819,-0.72265625
2.860123932037878,-0.8659836817254819,-0.45361328125
2.946413305275654,-0.8659836817254819,-0.567108154296875
3.032702678513429,-0.8659836817254819,0.15118408203125
3.118992051751205,-0.8659836817254819,-0.17144775390625
3.2052814249889816,-0.8659836817254819,-0.6085205078125
3.2915707982267572,-0.8659836817254819,0.63916015625
1.4089241977321172,-0.9380822599422428,-0.9921875
1.5891400993587337,-0.9380822599422428,0.990203857421875
1.7693560009853502,-0.9380822599422428,0.982666015625
1.949571902611967,-0.9380822599422428,-0.95635986328125
2.129787804238583,-0.9380822599422428,-0.915374755859375
2.3100037058652,-0.9380822599422428,0.921142578125
2.490219607491816,-0.9380822599422428,-0.06402587890625
2.6704355091184313,-0.9380822599422428,0.83306884765625
2.8506514107450487,-0.9380822599422428,0.54827880859375
3.030867312371665,-0.9380822599422428,-0.60821533203125
3.2110832139982817,-0.9380822599422428,0.605377197265625
3.391299115624898,-0.9380822599422428,0.51806640625
3.5715150172515147,-0.9380822599422428,0.256103515625
3.7517309188781316,-0.9380822599422428,0.4566650390625
3.931946820504748,-0.9380822599422428,-0.178924560546875
4.112162722131364,-0.9380822599422428,0.404510498046875
1.3668683840838318,-0.8512641376466237,0.996429443359375
1.539409419389624,-0.8512641376466237,0.9906005859375
1.711950454695416,-0.8512641376466237,0.972564697265625
1.884491490001208,-0.8512641376466237,-0.95062255859375
2.057032525307,-0.8512641376466237,0.929595947265625
2.229573560612792,-0.8512641376466237,-0.874603271484375
2.402114595918584,-0.8512641376466237,-0.709442138671875
2.574655631224376,-0.8512641376466237,0.839874267578125
2.747196666530168,-0.8512641376466237,0.81475830078125
2.91973770183596,-0.8512641376466237,-0.7591552734375
3.0922787371417524,-0.8512641376466237,0.09161376953125
3.264819772447544,-0.8512641376466237,0.384033203125
3.437360807753336,-0.8512641376466237,0.348907470703125
3.609901843059128,-0.8512641376466237,0.288848876953125
3.78244287836492,-0.8512641376466237,-0.4932861328125
3.954983913670712,-0.8512641376466237,0.43670654296875
1.6804318016880546,0.727064774835522,-0.974822998046875
1.7880600770773092,0.727064774835522,-0.977569580078125
1.895688352466564,0.727064774835522,0.962493896484375
2.0033166278558183,0.727064774835522,0.91534423828125
2.1109449032450733,0.727064774835522,0.948944091796875
2.2185731786343275,0.727064774835522,-0.903839111328125
2.3262014540235825,0.727064774835522,-0.89105224609375
2.433829729412837,0.727064774835522,-0.90570068359375
2.541458004802092,0.727064774835522,-0.8956298828125
2.6490862801913457,0.727064774835522,-0.849151611328125
2.7567145555806007,0.727064774835522,0.6048583984375
2.8643428309698558,0.727064774835522,-0.16748046875
2.97197110635911,0.727064774835522,-0.4122314453125
3.0795993817483645,0.727064774835522,0.739837646484375
3.1872276571376186,0.727064774835522,-0.283172607421875
3.2948559325268736,0.727064774835522,-0.56451416015625
1.7323684295233055,0.612407892981907,-0.9688720703125
1.7974818366584353,0.612407892981907,-0.980255126953125
1.862595243793565,0.612407892981907,0.95037841796875
1.9277086509286947,0.612407892981907,-0.925262451171875
1.9928220580638245,0.612407892981907,-0.90130615234375
2.057935465198954,0.612407892981907,-0.954803466796875
2.123048872334084,0.612407892981907,-0.891510009765625
2.1881622794692137,0.612407892981907,0.9366455078125
2.2532756866043435,0.612407892981907,-0.926025390625
2.3183890937394733,0.612407892981907,-0.879180908203125
2.383502500874603,0.612407892981907,0.832855224609375
2.4486159080097325,0.612407892981907,-0.859893798828125
2.5137293151448628,0.612407892981907,0.46759033203125
2.5788427222799917,0.612407892981907,0.7366943359375
2.643956129415122,0.612407892981907,-0.073974609375
2.709069536550252,0.612407892981907,-0.7828369140625
1.163758540091492,0.9496933320145508,0.998565673828125
1.367213702642475,0.9496933320145508,0.99542236328125
1.5706688651934584,0.9496933320145508,-0.990692138671875
1.7741240277444414,0.9496933320145508,-0.975128173828125
1.9775791902954247,0.9496933320145508,-0.959747314453125
2.181034352846408,0.9496933320145508,-0.89068603515625
2.384489515397391,0.9496933320145508,-0.91815185546875
2.587944677948374,0.9496933320145508,0.82952880859375
2.7913998404993574,0.9496933320145508,0.479888916015625
2.9948550030503407,0.9496933320145508,0.22607421875
3.198310165601324,0.9496933320145508,0.254486083984375
3.401765328152307,0.9496933320145508,-0.28082275390625
3.60522049070329,0.9496933320145508,0.111480712890625
3.808675653254274,0.9496933320145508,-0.13177490234375
4.012130815805256,0.9496933320145508,-0.34674072265625
4.21558597835624,0.9496933320145508,-0.4071044921875
1.426170545017913,0.14029579286124338,-0.993011474609375
1.595682332600486,0.14029579286124338,0.98876953125
1.7651941201830594,0.14029579286124338,0.971435546875
1.9347059077656328,0.14029579286124338,0.970550537109375
2.1042176953482064,0.14029579286124338,-0.93511962890625
2.2737294829307797,0.14029579286124338,0.847412109375
2.443241270513352,0.14029579286124338,0.8966064453125
2.612753058095925,0.14029579286124338,0.759307861328125
2.7822648456784984,0.14029579286124338,0.68402099609375
2.951776633261072,0.14029579286124338,0.551116943359375
3.1212884208436447,0.14029579286124338,-0.619842529296875
3.2908002084262185,0.14029579286124338,-0.6416015625
3.460311996008792,0.14029579286124338,-0.380828857421875
3.6298237835913647,0.14029579286124338,0.522430419921875
3.799335571173938,0.14029579286124338,-0.2418212890625
3.9688473587565114,0.14029579286124338,-0.114227294921875
1.836113710761628,-0.876218073088887,-0.97216796875
1.982304446942992,-0.876218073088887,0.9500732421875
2.1284951831243557,-0.876218073088887,0.943206787109375
2.274685919305719,-0.876218073088887,0.909515380859375
2.420876655487083,-0.876218073088887,0.81536865234375
2.5670673916684468,-0.876218073088887,0.285858154296875
2.7132581278498105,-0.876218073088887,-0.278839111328125
2.8594488640311737,-0.876218073088887,0.7559814453125
3.0056396002125383,-0.876218073088887,-0.727691650390625
3.151830336393901,-0.876218073088887,-0.58270263671875
3.2980210725752657,-0.876218073088887,-0.530303955078125
3.44421180875663,-0.876218073088887,0.21697998046875
3.590402544937993,-0.876218073088887,-0.5146484375
3.7365932811193567,-0.876218073088887,0.298248291015625
3.8827840173007213,-0.876218073088887,-0.016845703125
4.028974753482085,-0.876218073088887,0.416015625
1.4433790012042689,-0.06289898822722106,0.995758056640625
1.5319873850271173,-0.06289898822722106,0.991180419921875
1.6205957688499657,-0.06289898822722106,-0.98809814453125
1.709204152672814,-0.06289898822722106,0.96466064453125
1.7978125364956623,-0.06289898822722106,-0.95343017578125
1.8864209203185112,-0.06289898822722106,-0.968505859375
1.97502930414136,-0.06289898822722106,0.93939208984375
2.063637687964208,-0.06289898822722106,-0.952239990234375
2.152246071787056,-0.06289898822722106,-0.945159912109375
2.240854455609905,-0.06289898822722106,-0.712371826171875
2.329462839432753,-0.06289898822722106,0.87884521484375
2.4180712232556023,-0.06289898822722106,-0.793670654296875
2.5066796070784503,-0.06289898822722106,0.8070068359375
2.5952879909012987,-0.06289898822722106,-0.021087646484375
2.683896374724147,-0.06289898822722106,-0.57537841796875
2.7725047585469955,-0.06289898822722106,0.34930419921875
1.6339480156564608,0.9092215695878146,0.985748291015625
1.7090698372038409,0.9092215695878146,0.97515869140625
1.7841916587512214,0.9092215695878146,-0.97100830078125
1.8593134802986016,0.9092215695878146,-0.9798583984375
1.934435301845982,0.9092215695878146,0.97222900390625
2.0095571233933622,0.9092215695878146,0.965667724609375
2.0846789449407432,0.9092215695878146,0.9356689453125
2.159800766488123,0.9092215695878146,0.94952392578125
2.2349225880355035,0.9092215695878146,0.91949462890625
2.310044409582884,0.9092215695878146,-0.87078857421875
2.385166231130264,0.9092215695878146,0.907745361328125
2.4602880526776443,0.9092215695878146,-0.873687744140625
2.5354098742250244,0.9092215695878146,-0.846832275390625
2.6105316957724045,0.9092215695878146,0.867401123046875
2.685653517319785,0.9092215695878146,-0.8409423828125
2.7607753388671656,0.9092215695878146,-0.82415771484375
1.1841131070680777,-0.061873366954077524,0.998260498046875
1.3556209917994604,-0.061873366954077524,-0.992919921875
1.5271288765308435,-0.061873366954077524,-0.993194580078125
1.6986367612622266,-0.061873366954077524,0.98004150390625
1.8701446459936093,-0.061873366954077524,0.961578369140625
2.0416525307249924,-0.061873366954077524,-0.937713623046875
2.2131604154563758,-0.061873366954077524,-0.92498779296875
2.3846683001877587,-0.061873366954077524,-0.92462158203125
2.5561761849191416,-0.061873366954077524,0.868316650390625
2.7276840696505245,-0.061873366954077524,0.813079833984375
2.8991919543819082,-0.061873366954077524,0.76007080078125
3.0706998391132907,-0.061873366954077524,0.110931396484375
3.2422077238446736,-0.061873366954077524,0.675140380859375
3.4137156085760565,-0.061873366954077524,-0.05804443359375
3.58522349330744,-0.061873366954077524,0.163726806640625
3.756731378038823,-0.061873366954077524,0.04296875
